USE AirportLuggageDB;

INSERT INTO Airline (Name, Weight_limit, Fee, Description) VALUES
('SkyHigh Airways',20,10,'Commercial airline'),
('BlueWing Airlines',15,10,'Commercial airline'),
('GlobalJet',22,15,'Commercial airline'),
('Starline Aviation',23,12,'Commercial airline'),
('SunFly Express',14,8,'Commercial airline');

INSERT INTO Container (Number, Max_load, Status) VALUES
('C001',25,'Empty'),
('C002',30,'Loaded'),
('C003',35,'Loaded'),
('C004',40,'Empty'),
('C005',45,'Loaded'),
('C006',50,'Loaded'),
('C007',55,'Empty'),
('C008',60,'Loaded'),
('C009',65,'Loaded'),
('C010',70,'Empty');

INSERT INTO Passenger (Document_ID, Name, Surname) VALUES
('RE8592389','Noah','Brown'),
('NY1286345','Olivia','Martin'),
('UY5867819','Liam','Thompson'),
('QK6562007','Ethan','Brown'),
('LM3961762','Daniel','Wilson'),
('CE9640768','Matthew','Thompson'),
('TC3537867','Matthew','Lee'),
('TH7898300','Mia','Jackson'),
('IP3101855','Noah','Lee'),
('OT4398650','Charlotte','Martin'),
('UZ4321012','Noah','Thompson'),
('JA8012290','Ella','Harris'),
('VJ5585998','Benjamin','Wilson'),
('JT2038716','Henry','Hall'),
('IR6804278','Isabella','Garcia'),
('BE1927617','Olivia','Lee'),
('AB5008648','Ava','Anderson'),
('OP3449379','Liam','Jackson'),
('GJ2104835','Amelia','Rodriguez'),
('OL2747407','Matthew','Wilson'),
('AO3809085','Matthew','Harris'),
('HF8455420','Sophia','Moore'),
('ZZ5758460','Mia','Harris'),
('VE5386667','Matthew','Walker'),
('DU5585769','James','Walker'),
('VN5336686','Noah','Thomas'),
('FS3079739','Emma','Lee'),
('NQ3638740','Ella','Young'),
('CQ7579716','Ella','Miller'),
('VL7480931','Ava','Walker'),
('OJ6940683','Emily','Hall'),
('DJ4803621','Sophia','Lee'),
('WA1388424','Henry','Thomas'),
('DX1364259','Amelia','Walker'),
('IX2514314','Lucas','Lee'),
('ZW8672062','Emily','Young'),
('XI2691844','Olivia','Thompson'),
('FL1788188','Matthew','Wilson'),
('ZY3736461','Mia','Miller'),
('VW4217344','Olivia','Young'),
('SY6006178','Emma','Brown'),
('HM7711335','Isabella','Young'),
('VU1885912','Amelia','King'),
('DK3716933','Henry','Harris'),
('NC3233050','Benjamin','White'),
('SB7587320','Emma','Martin'),
('DN5988008','Emma','King'),
('MH8349437','Charlotte','Wilson'),
('GP4562386','Henry','Young'),
('KT8184781','Charlotte','Taylor'),
('QR2282041','Amelia','Hall'),
('JT4366346','Olivia','Anderson'),
('PG3158394','Olivia','King'),
('NT7358079','Liam','Anderson'),
('IP9873004','Benjamin','Hall'),
('FY3954827','Olivia','Taylor'),
('PY3045926','James','Thompson'),
('UF7749318','Charlotte','Harris'),
('LC7424797','Olivia','White'),
('UC8031660','Emily','Garcia'),
('BN6680849','Olivia','White'),
('WJ6099541','Emma','Walker'),
('DU7857684','Mia','Young'),
('VR4150573','Ella','Thomas'),
('WN4779188','Noah','White'),
('KO9977934','Emma','Martin'),
('ZJ7507738','Ethan','Wilson'),
('TM6030189','Lucas','Wilson'),
('ZF9786241','Amelia','Thomas'),
('IZ1491054','Liam','Miller'),
('CY6274838','Amelia','Lee'),
('FF4243591','Olivia','Moore'),
('TN1441958','Isabella','Garcia'),
('TE4227238','Sophia','Rodriguez'),
('ZQ2997044','Ella','Thompson'),
('QN7345494','Benjamin','Lewis'),
('XV5479717','Alexander','Martin'),
('ND4375155','Emma','White'),
('KP5550867','James','Lewis'),
('SX8901933','Charlotte','Lee'),
('SS2847926','Lucas','Taylor'),
('MA8245830','Isabella','King'),
('AR4978072','Emily','Lee'),
('DV6901945','Alexander','Walker'),
('JB4257572','Matthew','Taylor'),
('DH7720304','Amelia','Garcia'),
('OG8329966','Sophia','Jackson'),
('BP3230902','Mia','Lee'),
('CE8897246','Noah','Rodriguez'),
('ER3578600','Noah','King'),
('JN7123555','Ava','Brown'),
('KC5481470','Matthew','Miller'),
('NE8237414','Emma','Young'),
('EM5542338','Alexander','Rodriguez'),
('DK4077895','Ella','Moore'),
('YI5020087','Charlotte','Martin'),
('SD6668912','Mia','Lee'),
('RP9271628','Ava','Martin'),
('BU6837043','Benjamin','Harris'),
('RZ4725275','Henry','Brown'),
('HH7442971','James','White'),
('PD1160273','James','Thomas'),
('SZ5479386','Ava','Garcia'),
('GN5781806','Amelia','Martin'),
('FM3622366','Matthew','Wilson'),
('AW7893275','Benjamin','Taylor'),
('CV1812249','Amelia','White'),
('NX8481934','Liam','White'),
('WT4139790','Sophia','Anderson'),
('NT8744033','Ava','Brown'),
('UE3516244','Emma','Hall'),
('QY3309566','Charlotte','Anderson'),
('GN9881209','Charlotte','Harris'),
('XC8111106','Ethan','Rodriguez'),
('HE5318428','Ella','Martin'),
('AX5806878','Sophia','Thomas'),
('SY4027102','Mia','Young'),
('NO1334567','Ella','Thomas'),
('IB5734233','Sophia','Anderson'),
('YG1608950','Emily','Anderson'),
('WQ8748509','James','Young'),
('FF5855633','Noah','Brown'),
('OI2262988','Emily','Jackson'),
('IF6787856','Olivia','Anderson'),
('PB9289917','Matthew','King'),
('US8876970','James','Wilson'),
('IK6604967','Noah','Walker'),
('BI6299300','Sophia','King'),
('YA4214010','Amelia','Thomas'),
('MH5873565','Isabella','White'),
('DY6260862','Liam','Lee'),
('FC2005325','Ethan','Wilson'),
('LL4893549','Liam','Lee'),
('DN8994827','Sophia','White'),
('WO4506307','Ava','Hall'),
('AZ7446193','Olivia','Brown'),
('TQ1370217','Charlotte','Brown'),
('VP9407213','Mia','Thompson'),
('SM1917146','Emily','Brown'),
('ZZ9933220','James','Lewis'),
('RH3433911','James','Lewis'),
('BC9699839','Noah','Hall'),
('AI5016807','Amelia','Taylor'),
('AM3542275','Daniel','Martin'),
('DR7594326','Lucas','Martin'),
('YX1788709','Noah','White'),
('ID5083250','Noah','Jackson'),
('EK6794975','Matthew','Anderson'),
('BU6297848','Charlotte','Anderson'),
('NZ7724403','Amelia','White'),
('PX1023852','Emma','Miller'),
('AF3598546','Benjamin','Taylor'),
('LZ2935426','Charlotte','Moore'),
('SQ1269781','Noah','Wilson'),
('KH6198762','Lucas','Garcia'),
('ND1588583','James','King'),
('GV6031357','Daniel','Thompson'),
('RC6862496','Benjamin','Walker'),
('CF9673832','Sophia','Brown'),
('YY8016249','Daniel','King'),
('JG5672687','Amelia','Hall'),
('SJ1553975','Ethan','Anderson'),
('KP8247072','Emma','Anderson'),
('TE5682283','Liam','Young'),
('CM1840310','Olivia','Wilson'),
('EH5135785','James','Jackson'),
('CV2009496','Alexander','Walker'),
('NO8698021','Alexander','Brown'),
('OR5622083','Ethan','King'),
('LW1803713','Daniel','Martin'),
('PS4283327','Amelia','Martin'),
('KC7707100','Ethan','Martin'),
('LT3584333','Lucas','Young'),
('EY5589310','Olivia','Moore'),
('KH8557289','Ethan','Lee'),
('UH5801346','Amelia','Wilson'),
('MI7943602','Henry','Moore'),
('NU1700515','Ella','Miller'),
('WS4213098','Ava','Taylor'),
('GV3341496','Ava','Anderson'),
('VQ8053662','Mia','King'),
('LR3213815','Alexander','White'),
('EW8705941','James','Walker'),
('TB7080286','Ava','Garcia'),
('CU3561276','Emily','Miller'),
('BL4269811','Ava','Rodriguez'),
('BQ7410488','Benjamin','Walker'),
('ZS2916236','Sophia','Lee'),
('QX8418254','Ava','Young'),
('CK1316988','Ethan','Jackson'),
('FD9038744','Charlotte','Lewis'),
('LJ4532815','Henry','Anderson'),
('TY7013595','James','Martin'),
('SQ4946431','Sophia','Thompson'),
('AY9594964','Ethan','Anderson'),
('PV5124586','Lucas','Anderson'),
('AU6251319','Alexander','Lewis'),
('CN9363807','Liam','Thompson'),
('EQ5632020','Liam','Jackson'),
('UC7362996','Emily','Young');

INSERT INTO Flight (Flight_number, ID, Destination, Origin, Departure_time, Arrival_time, Airline_Name) VALUES
('WA600',1,'Dubai, UAE','Warsaw, Poland','2025-12-20 06:00:00','2025-12-20 09:00:00','SkyHigh Airways'),
('WA601',2,'Warsaw, Poland','Paris, France','2025-11-16 07:00:00','2025-11-16 10:00:00','BlueWing Airlines'),
('WA602',3,'Rome, Italy','Warsaw, Poland','2025-11-16 17:00:00','2025-11-17 02:00:00','GlobalJet'),
('WA603',4,'Warsaw, Poland','Berlin, Germany','2025-12-20 07:00:00','2025-12-20 15:00:00','Starline Aviation'),
('WA604',5,'Madrid, Spain','Warsaw, Poland','2025-12-01 10:00:00','2025-12-01 20:00:00','Starline Aviation'),
('WA605',6,'Warsaw, Poland','Chicago, USA','2025-11-22 08:00:00','2025-11-22 15:00:00','SunFly Express'),
('WA606',7,'Toronto, Canada','Warsaw, Poland','2025-11-29 11:00:00','2025-11-29 21:00:00','SunFly Express'),
('WA607',8,'Warsaw, Poland','Vienna, Austria','2025-11-26 07:00:00','2025-11-26 08:00:00','SunFly Express'),
('WA608',9,'Prague, Czech Republic','Warsaw, Poland','2025-12-23 15:00:00','2025-12-23 19:00:00','GlobalJet'),
('WA609',10,'Warsaw, Poland','Berlin, Germany','2025-12-23 11:00:00','2025-12-23 14:00:00','GlobalJet'),
('WA610',11,'Zurich, Switzerland','Warsaw, Poland','2025-11-21 07:00:00','2025-11-21 10:00:00','SkyHigh Airways'),
('WA611',12,'Warsaw, Poland','Madrid, Spain','2025-12-09 11:00:00','2025-12-09 16:00:00','SkyHigh Airways'),
('WA612',13,'Prague, Czech Republic','Warsaw, Poland','2025-12-10 10:00:00','2025-12-10 12:00:00','SkyHigh Airways'),
('WA613',14,'Warsaw, Poland','Dubai, UAE','2025-12-11 09:00:00','2025-12-11 14:00:00','GlobalJet'),
('WA614',15,'London, UK','Warsaw, Poland','2025-12-03 09:00:00','2025-12-03 15:00:00','SunFly Express'),
('WA615',16,'Warsaw, Poland','New York, USA','2025-12-06 09:00:00','2025-12-06 10:00:00','BlueWing Airlines'),
('WA616',17,'Paris, France','Warsaw, Poland','2025-11-21 18:00:00','2025-11-22 04:00:00','BlueWing Airlines'),
('WA617',18,'Warsaw, Poland','New York, USA','2025-11-15 05:00:00','2025-11-15 11:00:00','BlueWing Airlines'),
('WA618',19,'London, UK','Warsaw, Poland','2025-11-29 09:00:00','2025-11-29 17:00:00','SunFly Express'),
('WA619',20,'Zurich, Switzerland','Warsaw, Poland','2025-12-25 18:00:00','2025-12-25 20:00:00','SunFly Express');

INSERT INTO Baggage
(Weight, Fee, Status, Check_in_time, Routing_time, Security_time,
 Loading_time_start, Loading_time_end,
 Unloading_time_start, Unloading_time_end,
 Passenger_Document_ID, Flight_Number, Container_ID)
VALUES
(26.4,0,'In Security','2025-12-25 16:00:00','2025-12-25 16:15:00','2025-12-25 16:30:00',NULL,NULL,NULL,NULL,'RE8592389','WA619',NULL),
(16.3,0,'Loaded','2025-11-16 15:00:00','2025-11-16 15:15:00','2025-11-16 15:30:00','2025-11-16 15:45:00','2025-11-16 16:05:00',NULL,NULL,'NY1286345','WA602',4),
(19.0,60,'Loaded','2025-12-01 08:00:00','2025-12-01 08:15:00','2025-12-01 08:30:00','2025-12-01 08:45:00','2025-12-01 09:05:00',NULL,NULL,'UY5867819','WA604',1),
(22.2,0,'Unloaded',NULL,NULL,NULL,NULL,NULL,'2025-11-15 11:15:00','2025-11-15 11:35:00','QK6562007','WA617',NULL),
(20.1,0,'Loaded','2025-11-21 05:00:00','2025-11-21 05:15:00','2025-11-21 05:30:00','2025-11-21 05:45:00','2025-11-21 06:05:00',NULL,NULL,'LM3961762','WA610',8),
(25.1,0,'In Security','2025-12-25 16:00:00','2025-12-25 16:15:00','2025-12-25 16:30:00',NULL,NULL,NULL,NULL,'CE9640768','WA619',NULL),
(23.3,0,'Unloaded',NULL,NULL,NULL,NULL,NULL,'2025-11-26 08:15:00','2025-11-26 08:35:00','TC3537867','WA607',NULL),
(17.2,0,'In Security','2025-12-25 16:00:00','2025-12-25 16:15:00','2025-12-25 16:30:00',NULL,NULL,NULL,NULL,'TH7898300','WA619',NULL),
(24.5,0,'Unloaded',NULL,NULL,NULL,NULL,NULL,'2025-12-09 16:15:00','2025-12-09 16:35:00','IP3101855','WA611',NULL),
(15.2,0,'Unloaded',NULL,NULL,NULL,NULL,NULL,'2025-11-26 08:15:00','2025-11-26 08:35:00','OT4398650','WA607',NULL),
(16.5,60,'Loaded','2025-12-10 08:00:00','2025-12-10 08:15:00','2025-12-10 08:30:00','2025-12-10 08:45:00','2025-12-10 09:05:00',NULL,NULL,'UZ4321012','WA612',7),
(28.9,0,'Loaded','2025-11-21 05:00:00','2025-11-21 05:15:00','2025-11-21 05:30:00','2025-11-21 05:45:00','2025-11-21 06:05:00',NULL,NULL,'JA8012290','WA610',9),
(17.5,0,'Loaded','2025-12-20 04:00:00','2025-12-20 04:15:00','2025-12-20 04:30:00','2025-12-20 04:45:00','2025-12-20 05:05:00',NULL,NULL,'VJ5585998','WA600',3),
(17.0,0,'Loaded','2025-11-21 05:00:00','2025-11-21 05:15:00','2025-11-21 05:30:00','2025-11-21 05:45:00','2025-11-21 06:05:00',NULL,NULL,'JT2038716','WA610',8),
(26.4,60,'Loaded','2025-11-21 16:00:00','2025-11-21 16:15:00','2025-11-21 16:30:00','2025-11-21 16:45:00','2025-11-21 17:05:00',NULL,NULL,'IR6804278','WA616',3),
(25.3,0,'Loaded','2025-12-23 13:00:00','2025-12-23 13:15:00','2025-12-23 13:30:00','2025-12-23 13:45:00','2025-12-23 14:05:00',NULL,NULL,'BE1927617','WA608',3),
(26.9,0,'Unloaded',NULL,NULL,NULL,NULL,NULL,'2025-12-20 15:15:00','2025-12-20 15:35:00','AB5008648','WA603',NULL),
(17.3,0,'Unloaded',NULL,NULL,NULL,NULL,NULL,'2025-11-22 15:15:00','2025-11-22 15:35:00','OP3449379','WA605',NULL),
(15.3,0,'Unloaded',NULL,NULL,NULL,NULL,NULL,'2025-11-15 11:15:00','2025-11-15 11:35:00','GJ2104835','WA617',NULL),
(28.8,0,'Unloaded',NULL,NULL,NULL,NULL,NULL,'2025-12-20 15:15:00','2025-12-20 15:35:00','OL2747407','WA603',NULL),
(26.2,0,'Unloaded',NULL,NULL,NULL,NULL,NULL,'2025-12-11 14:15:00','2025-12-11 14:35:00','AO3809085','WA613',NULL),
(20.6,60,'Loaded','2025-12-03 07:00:00','2025-12-03 07:15:00','2025-12-03 07:30:00','2025-12-03 07:45:00','2025-12-03 08:05:00',NULL,NULL,'HF8455420','WA614',8),
(23.5,0,'Unloaded',NULL,NULL,NULL,NULL,NULL,'2025-12-11 14:15:00','2025-12-11 14:35:00','ZZ5758460','WA613',NULL),
(17.0,0,'Unloaded',NULL,NULL,NULL,NULL,NULL,'2025-12-11 14:15:00','2025-12-11 14:35:00','VE5386667','WA613',NULL),
(24.5,0,'Unloaded',NULL,NULL,NULL,NULL,NULL,'2025-12-06 10:15:00','2025-12-06 10:35:00','DU5585769','WA615',NULL),
(15.2,0,'Unloaded',NULL,NULL,NULL,NULL,NULL,'2025-11-16 10:15:00','2025-11-16 10:35:00','VN5336686','WA601',NULL),
(21.6,60,'Loaded','2025-11-16 15:00:00','2025-11-16 15:15:00','2025-11-16 15:30:00','2025-11-16 15:45:00','2025-11-16 16:05:00',NULL,NULL,'FS3079739','WA602',10),
(24.4,40,'Loaded','2025-11-21 05:00:00','2025-11-21 05:15:00','2025-11-21 05:30:00','2025-11-21 05:45:00','2025-11-21 06:05:00',NULL,NULL,'NQ3638740','WA610',6),
(19.7,0,'In Security','2025-12-25 16:00:00','2025-12-25 16:15:00','2025-12-25 16:30:00',NULL,NULL,NULL,NULL,'CQ7579716','WA619',NULL),
(27.1,0,'Unloaded',NULL,NULL,NULL,NULL,NULL,'2025-12-06 10:15:00','2025-12-06 10:35:00','VL7480931','WA615',NULL),
(25.8,0,'Unloaded',NULL,NULL,NULL,NULL,NULL,'2025-11-15 11:15:00','2025-11-15 11:35:00','OJ6940683','WA617',NULL),
(24.9,0,'Loaded','2025-12-01 08:00:00','2025-12-01 08:15:00','2025-12-01 08:30:00','2025-12-01 08:45:00','2025-12-01 09:05:00',NULL,NULL,'DJ4803621','WA604',9),
(28.2,0,'Unloaded',NULL,NULL,NULL,NULL,NULL,'2025-12-23 14:15:00','2025-12-23 14:35:00','WA1388424','WA609',NULL),
(29.3,60,'Loaded','2025-12-10 08:00:00','2025-12-10 08:15:00','2025-12-10 08:30:00','2025-12-10 08:45:00','2025-12-10 09:05:00',NULL,NULL,'DX1364259','WA612',5),
(23.4,40,'Loaded','2025-11-29 07:00:00','2025-11-29 07:15:00','2025-11-29 07:30:00','2025-11-29 07:45:00','2025-11-29 08:05:00',NULL,NULL,'IX2514314','WA618',2),
(29.9,40,'Loaded','2025-12-20 04:00:00','2025-12-20 04:15:00','2025-12-20 04:30:00','2025-12-20 04:45:00','2025-12-20 05:05:00',NULL,NULL,'ZW8672062','WA600',9),
(21.4,0,'Loaded','2025-11-29 09:00:00','2025-11-29 09:15:00','2025-11-29 09:30:00','2025-11-29 09:45:00','2025-11-29 10:05:00',NULL,NULL,'XI2691844','WA606',3),
(15.3,0,'Unloaded',NULL,NULL,NULL,NULL,NULL,'2025-12-11 14:15:00','2025-12-11 14:35:00','FL1788188','WA613',NULL),
(28.4,40,'Loaded','2025-11-29 09:00:00','2025-11-29 09:15:00','2025-11-29 09:30:00','2025-11-29 09:45:00','2025-11-29 10:05:00',NULL,NULL,'ZY3736461','WA606',9),
(18.9,0,'Unloaded',NULL,NULL,NULL,NULL,NULL,'2025-12-11 14:15:00','2025-12-11 14:35:00','VW4217344','WA613',NULL),
(23.1,0,'Loaded','2025-12-20 04:00:00','2025-12-20 04:15:00','2025-12-20 04:30:00','2025-12-20 04:45:00','2025-12-20 05:05:00',NULL,NULL,'SY6006178','WA600',3),
(22.3,0,'Loaded','2025-11-16 15:00:00','2025-11-16 15:15:00','2025-11-16 15:30:00','2025-11-16 15:45:00','2025-11-16 16:05:00',NULL,NULL,'HM7711335','WA602',5),
(22.2,0,'Unloaded',NULL,NULL,NULL,NULL,NULL,'2025-11-15 11:15:00','2025-11-15 11:35:00','VU1885912','WA617',NULL),
(21.0,60,'Loaded','2025-11-29 07:00:00','2025-11-29 07:15:00','2025-11-29 07:30:00','2025-11-29 07:45:00','2025-11-29 08:05:00',NULL,NULL,'DK3716933','WA618',4),
(28.7,0,'Unloaded',NULL,NULL,NULL,NULL,NULL,'2025-11-22 15:15:00','2025-11-22 15:35:00','NC3233050','WA605',NULL),
(29.6,0,'Unloaded',NULL,NULL,NULL,NULL,NULL,'2025-11-26 08:15:00','2025-11-26 08:35:00','SB7587320','WA607',NULL),
(20.9,60,'Loaded','2025-11-29 07:00:00','2025-11-29 07:15:00','2025-11-29 07:30:00','2025-11-29 07:45:00','2025-11-29 08:05:00',NULL,NULL,'DN5988008','WA618',2),
(24.1,40,'Loaded','2025-12-01 08:00:00','2025-12-01 08:15:00','2025-12-01 08:30:00','2025-12-01 08:45:00','2025-12-01 09:05:00',NULL,NULL,'MH8349437','WA604',9),
(28.2,40,'Loaded','2025-12-20 04:00:00','2025-12-20 04:15:00','2025-12-20 04:30:00','2025-12-20 04:45:00','2025-12-20 05:05:00',NULL,NULL,'GP4562386','WA600',4),
(24.6,0,'Unloaded',NULL,NULL,NULL,NULL,NULL,'2025-11-26 08:15:00','2025-11-26 08:35:00','KT8184781','WA607',NULL),
(22.0,0,'Loaded','2025-12-23 13:00:00','2025-12-23 13:15:00','2025-12-23 13:30:00','2025-12-23 13:45:00','2025-12-23 14:05:00',NULL,NULL,'QR2282041','WA608',7),
(28.3,60,'Loaded','2025-12-23 13:00:00','2025-12-23 13:15:00','2025-12-23 13:30:00','2025-12-23 13:45:00','2025-12-23 14:05:00',NULL,NULL,'JT4366346','WA608',4),
(25.8,0,'Unloaded',NULL,NULL,NULL,NULL,NULL,'2025-12-20 15:15:00','2025-12-20 15:35:00','PG3158394','WA603',NULL),
(29.5,0,'Unloaded',NULL,NULL,NULL,NULL,NULL,'2025-12-11 14:15:00','2025-12-11 14:35:00','NT7358079','WA613',NULL),
(27.6,0,'Unloaded',NULL,NULL,NULL,NULL,NULL,'2025-12-06 10:15:00','2025-12-06 10:35:00','IP9873004','WA615',NULL),
(29.7,0,'Unloaded',NULL,NULL,NULL,NULL,NULL,'2025-12-06 10:15:00','2025-12-06 10:35:00','FY3954827','WA615',NULL),
(22.3,0,'Unloaded',NULL,NULL,NULL,NULL,NULL,'2025-12-23 14:15:00','2025-12-23 14:35:00','PY3045926','WA609',NULL),
(23.6,0,'Loaded','2025-12-23 13:00:00','2025-12-23 13:15:00','2025-12-23 13:30:00','2025-12-23 13:45:00','2025-12-23 14:05:00',NULL,NULL,'UF7749318','WA608',4),
(22.0,40,'Loaded','2025-12-01 08:00:00','2025-12-01 08:15:00','2025-12-01 08:30:00','2025-12-01 08:45:00','2025-12-01 09:05:00',NULL,NULL,'LC7424797','WA604',8),
(25.3,40,'Loaded','2025-11-21 05:00:00','2025-11-21 05:15:00','2025-11-21 05:30:00','2025-11-21 05:45:00','2025-11-21 06:05:00',NULL,NULL,'UC8031660','WA610',5),
(26.5,60,'Loaded','2025-11-21 16:00:00','2025-11-21 16:15:00','2025-11-21 16:30:00','2025-11-21 16:45:00','2025-11-21 17:05:00',NULL,NULL,'BN6680849','WA616',2),
(30.0,0,'In Security','2025-12-25 16:00:00','2025-12-25 16:15:00','2025-12-25 16:30:00',NULL,NULL,NULL,NULL,'WJ6099541','WA619',NULL),
(20.3,40,'Loaded','2025-12-01 08:00:00','2025-12-01 08:15:00','2025-12-01 08:30:00','2025-12-01 08:45:00','2025-12-01 09:05:00',NULL,NULL,'DU7857684','WA604',6),
(24.4,0,'Unloaded',NULL,NULL,NULL,NULL,NULL,'2025-12-11 14:15:00','2025-12-11 14:35:00','VR4150573','WA613',NULL),
(22.2,40,'Loaded','2025-11-21 05:00:00','2025-11-21 05:15:00','2025-11-21 05:30:00','2025-11-21 05:45:00','2025-11-21 06:05:00',NULL,NULL,'WN4779188','WA610',8),
(24.5,60,'Loaded','2025-12-10 08:00:00','2025-12-10 08:15:00','2025-12-10 08:30:00','2025-12-10 08:45:00','2025-12-10 09:05:00',NULL,NULL,'KO9977934','WA612',4),
(18.2,0,'Loaded','2025-11-21 16:00:00','2025-11-21 16:15:00','2025-11-21 16:30:00','2025-11-21 16:45:00','2025-11-21 17:05:00',NULL,NULL,'ZJ7507738','WA616',8),
(22.4,40,'Loaded','2025-12-20 04:00:00','2025-12-20 04:15:00','2025-12-20 04:30:00','2025-12-20 04:45:00','2025-12-20 05:05:00',NULL,NULL,'TM6030189','WA600',6),
(25.7,0,'Unloaded',NULL,NULL,NULL,NULL,NULL,'2025-11-16 10:15:00','2025-11-16 10:35:00','ZF9786241','WA601',NULL),
(21.5,0,'Loaded','2025-12-23 13:00:00','2025-12-23 13:15:00','2025-12-23 13:30:00','2025-12-23 13:45:00','2025-12-23 14:05:00',NULL,NULL,'IZ1491054','WA608',10),
(28.7,60,'Loaded','2025-11-29 07:00:00','2025-11-29 07:15:00','2025-11-29 07:30:00','2025-11-29 07:45:00','2025-11-29 08:05:00',NULL,NULL,'CY6274838','WA618',3),
(25.4,0,'Unloaded',NULL,NULL,NULL,NULL,NULL,'2025-11-26 08:15:00','2025-11-26 08:35:00','FF4243591','WA607',NULL),
(21.3,0,'Unloaded',NULL,NULL,NULL,NULL,NULL,'2025-11-22 15:15:00','2025-11-22 15:35:00','TN1441958','WA605',NULL),
(22.2,0,'Unloaded',NULL,NULL,NULL,NULL,NULL,'2025-11-16 10:15:00','2025-11-16 10:35:00','TE4227238','WA601',NULL),
(25.9,0,'Unloaded',NULL,NULL,NULL,NULL,NULL,'2025-11-16 10:15:00','2025-11-16 10:35:00','ZQ2997044','WA601',NULL),
(20.5,60,'Loaded','2025-12-23 13:00:00','2025-12-23 13:15:00','2025-12-23 13:30:00','2025-12-23 13:45:00','2025-12-23 14:05:00',NULL,NULL,'QN7345494','WA608',4),
(25.6,0,'Unloaded',NULL,NULL,NULL,NULL,NULL,'2025-11-22 15:15:00','2025-11-22 15:35:00','XV5479717','WA605',NULL),
(27.7,0,'Unloaded',NULL,NULL,NULL,NULL,NULL,'2025-11-22 15:15:00','2025-11-22 15:35:00','ND4375155','WA605',NULL),
(18.7,60,'Loaded','2025-11-21 16:00:00','2025-11-21 16:15:00','2025-11-21 16:30:00','2025-11-21 16:45:00','2025-11-21 17:05:00',NULL,NULL,'KP5550867','WA616',6),
(17.3,0,'Unloaded',NULL,NULL,NULL,NULL,NULL,'2025-11-22 15:15:00','2025-11-22 15:35:00','SX8901933','WA605',NULL),
(25.3,0,'In Security','2025-12-25 16:00:00','2025-12-25 16:15:00','2025-12-25 16:30:00',NULL,NULL,NULL,NULL,'SS2847926','WA619',NULL),
(29.0,0,'Unloaded',NULL,NULL,NULL,NULL,NULL,'2025-12-11 14:15:00','2025-12-11 14:35:00','MA8245830','WA613',NULL),
(24.7,0,'Loaded','2025-12-01 08:00:00','2025-12-01 08:15:00','2025-12-01 08:30:00','2025-12-01 08:45:00','2025-12-01 09:05:00',NULL,NULL,'AR4978072','WA604',8),
(19.4,40,'Loaded','2025-12-01 08:00:00','2025-12-01 08:15:00','2025-12-01 08:30:00','2025-12-01 08:45:00','2025-12-01 09:05:00',NULL,NULL,'DV6901945','WA604',9),
(23.8,0,'Unloaded',NULL,NULL,NULL,NULL,NULL,'2025-12-20 15:15:00','2025-12-20 15:35:00','JB4257572','WA603',NULL),
(20.8,40,'Loaded','2025-11-29 07:00:00','2025-11-29 07:15:00','2025-11-29 07:30:00','2025-11-29 07:45:00','2025-11-29 08:05:00',NULL,NULL,'DH7720304','WA618',4),
(15.6,0,'Loaded','2025-11-21 16:00:00','2025-11-21 16:15:00','2025-11-21 16:30:00','2025-11-21 16:45:00','2025-11-21 17:05:00',NULL,NULL,'OG8329966','WA616',9),
(17.3,0,'In Security','2025-12-25 16:00:00','2025-12-25 16:15:00','2025-12-25 16:30:00',NULL,NULL,NULL,NULL,'BP3230902','WA619',NULL),
(17.2,0,'In Security','2025-12-25 16:00:00','2025-12-25 16:15:00','2025-12-25 16:30:00',NULL,NULL,NULL,NULL,'CE8897246','WA619',NULL),
(29.1,0,'Unloaded',NULL,NULL,NULL,NULL,NULL,'2025-12-11 14:15:00','2025-12-11 14:35:00','ER3578600','WA613',NULL),
(29.2,60,'Loaded','2025-12-20 04:00:00','2025-12-20 04:15:00','2025-12-20 04:30:00','2025-12-20 04:45:00','2025-12-20 05:05:00',NULL,NULL,'JN7123555','WA600',8),
(28.9,0,'Unloaded',NULL,NULL,NULL,NULL,NULL,'2025-12-06 10:15:00','2025-12-06 10:35:00','KC5481470','WA615',NULL),
(24.0,60,'Loaded','2025-11-16 15:00:00','2025-11-16 15:15:00','2025-11-16 15:30:00','2025-11-16 15:45:00','2025-11-16 16:05:00',NULL,NULL,'NE8237414','WA602',2),
(29.8,0,'Unloaded',NULL,NULL,NULL,NULL,NULL,'2025-12-09 16:15:00','2025-12-09 16:35:00','EM5542338','WA611',NULL),
(18.2,60,'Loaded','2025-11-16 15:00:00','2025-11-16 15:15:00','2025-11-16 15:30:00','2025-11-16 15:45:00','2025-11-16 16:05:00',NULL,NULL,'DK4077895','WA602',1),
(28.7,60,'Loaded','2025-11-21 16:00:00','2025-11-21 16:15:00','2025-11-21 16:30:00','2025-11-21 16:45:00','2025-11-21 17:05:00',NULL,NULL,'YI5020087','WA616',1),
(20.2,40,'Loaded','2025-11-21 16:00:00','2025-11-21 16:15:00','2025-11-21 16:30:00','2025-11-21 16:45:00','2025-11-21 17:05:00',NULL,NULL,'SD6668912','WA616',1),
(22.3,40,'Loaded','2025-11-29 09:00:00','2025-11-29 09:15:00','2025-11-29 09:30:00','2025-11-29 09:45:00','2025-11-29 10:05:00',NULL,NULL,'RP9271628','WA606',10),
(19.1,0,'Unloaded',NULL,NULL,NULL,NULL,NULL,'2025-11-16 10:15:00','2025-11-16 10:35:00','BU6837043','WA601',NULL),
(21.8,60,'Loaded','2025-12-03 07:00:00','2025-12-03 07:15:00','2025-12-03 07:30:00','2025-12-03 07:45:00','2025-12-03 08:05:00',NULL,NULL,'RZ4725275','WA614',2),
(21.6,0,'Unloaded',NULL,NULL,NULL,NULL,NULL,'2025-11-26 08:15:00','2025-11-26 08:35:00','HH7442971','WA607',NULL),
(20.4,60,'Loaded','2025-11-29 09:00:00','2025-11-29 09:15:00','2025-11-29 09:30:00','2025-11-29 09:45:00','2025-11-29 10:05:00',NULL,NULL,'PD1160273','WA606',3),
(25.6,0,'Unloaded',NULL,NULL,NULL,NULL,NULL,'2025-12-11 14:15:00','2025-12-11 14:35:00','SZ5479386','WA613',NULL),
(18.4,60,'Loaded','2025-12-23 13:00:00','2025-12-23 13:15:00','2025-12-23 13:30:00','2025-12-23 13:45:00','2025-12-23 14:05:00',NULL,NULL,'GN5781806','WA608',5),
(28.4,60,'Loaded','2025-12-10 08:00:00','2025-12-10 08:15:00','2025-12-10 08:30:00','2025-12-10 08:45:00','2025-12-10 09:05:00',NULL,NULL,'FM3622366','WA612',2),
(19.0,0,'Loaded','2025-11-21 05:00:00','2025-11-21 05:15:00','2025-11-21 05:30:00','2025-11-21 05:45:00','2025-11-21 06:05:00',NULL,NULL,'AW7893275','WA610',10),
(16.4,60,'Loaded','2025-12-01 08:00:00','2025-12-01 08:15:00','2025-12-01 08:30:00','2025-12-01 08:45:00','2025-12-01 09:05:00',NULL,NULL,'CV1812249','WA604',1),
(21.7,40,'Loaded','2025-12-23 13:00:00','2025-12-23 13:15:00','2025-12-23 13:30:00','2025-12-23 13:45:00','2025-12-23 14:05:00',NULL,NULL,'NX8481934','WA608',7),
(23.3,0,'Loaded','2025-11-21 16:00:00','2025-11-21 16:15:00','2025-11-21 16:30:00','2025-11-21 16:45:00','2025-11-21 17:05:00',NULL,NULL,'WT4139790','WA616',4),
(15.9,40,'Loaded','2025-11-29 07:00:00','2025-11-29 07:15:00','2025-11-29 07:30:00','2025-11-29 07:45:00','2025-11-29 08:05:00',NULL,NULL,'NT8744033','WA618',5),
(20.6,0,'Unloaded',NULL,NULL,NULL,NULL,NULL,'2025-12-23 14:15:00','2025-12-23 14:35:00','UE3516244','WA609',NULL),
(21.1,0,'Unloaded',NULL,NULL,NULL,NULL,NULL,'2025-12-09 16:15:00','2025-12-09 16:35:00','QY3309566','WA611',NULL),
(27.4,40,'Loaded','2025-11-21 05:00:00','2025-11-21 05:15:00','2025-11-21 05:30:00','2025-11-21 05:45:00','2025-11-21 06:05:00',NULL,NULL,'GN9881209','WA610',1),
(29.7,60,'Loaded','2025-11-21 16:00:00','2025-11-21 16:15:00','2025-11-21 16:30:00','2025-11-21 16:45:00','2025-11-21 17:05:00',NULL,NULL,'XC8111106','WA616',5),
(21.5,40,'Loaded','2025-12-03 07:00:00','2025-12-03 07:15:00','2025-12-03 07:30:00','2025-12-03 07:45:00','2025-12-03 08:05:00',NULL,NULL,'HE5318428','WA614',5),
(27.4,0,'Unloaded',NULL,NULL,NULL,NULL,NULL,'2025-12-23 14:15:00','2025-12-23 14:35:00','AX5806878','WA609',NULL),
(26.4,0,'Loaded','2025-11-21 05:00:00','2025-11-21 05:15:00','2025-11-21 05:30:00','2025-11-21 05:45:00','2025-11-21 06:05:00',NULL,NULL,'SY4027102','WA610',4),
(28.1,0,'Unloaded',NULL,NULL,NULL,NULL,NULL,'2025-12-11 14:15:00','2025-12-11 14:35:00','NO1334567','WA613',NULL),
(26.4,0,'Loaded','2025-11-29 07:00:00','2025-11-29 07:15:00','2025-11-29 07:30:00','2025-11-29 07:45:00','2025-11-29 08:05:00',NULL,NULL,'IB5734233','WA618',8),
(29.6,0,'Unloaded',NULL,NULL,NULL,NULL,NULL,'2025-11-22 15:15:00','2025-11-22 15:35:00','YG1608950','WA605',NULL),
(26.7,60,'Loaded','2025-12-03 07:00:00','2025-12-03 07:15:00','2025-12-03 07:30:00','2025-12-03 07:45:00','2025-12-03 08:05:00',NULL,NULL,'WQ8748509','WA614',7),
(15.5,0,'In Security','2025-12-25 16:00:00','2025-12-25 16:15:00','2025-12-25 16:30:00',NULL,NULL,NULL,NULL,'FF5855633','WA619',NULL),
(27.9,0,'Unloaded',NULL,NULL,NULL,NULL,NULL,'2025-11-22 15:15:00','2025-11-22 15:35:00','OI2262988','WA605',NULL),
(21.1,0,'Unloaded',NULL,NULL,NULL,NULL,NULL,'2025-12-06 10:15:00','2025-12-06 10:35:00','IF6787856','WA615',NULL),
(15.5,0,'Unloaded',NULL,NULL,NULL,NULL,NULL,'2025-12-20 15:15:00','2025-12-20 15:35:00','PB9289917','WA603',NULL),
(17.7,40,'Loaded','2025-11-16 15:00:00','2025-11-16 15:15:00','2025-11-16 15:30:00','2025-11-16 15:45:00','2025-11-16 16:05:00',NULL,NULL,'US8876970','WA602',9),
(21.4,0,'Unloaded',NULL,NULL,NULL,NULL,NULL,'2025-11-26 08:15:00','2025-11-26 08:35:00','IK6604967','WA607',NULL),
(29.0,0,'Unloaded',NULL,NULL,NULL,NULL,NULL,'2025-11-16 10:15:00','2025-11-16 10:35:00','BI6299300','WA601',NULL),
(20.2,0,'In Security','2025-12-25 16:00:00','2025-12-25 16:15:00','2025-12-25 16:30:00',NULL,NULL,NULL,NULL,'YA4214010','WA619',NULL),
(24.4,60,'Loaded','2025-12-23 13:00:00','2025-12-23 13:15:00','2025-12-23 13:30:00','2025-12-23 13:45:00','2025-12-23 14:05:00',NULL,NULL,'MH5873565','WA608',1),
(17.5,60,'Loaded','2025-12-20 04:00:00','2025-12-20 04:15:00','2025-12-20 04:30:00','2025-12-20 04:45:00','2025-12-20 05:05:00',NULL,NULL,'DY6260862','WA600',4),
(29.3,0,'Unloaded',NULL,NULL,NULL,NULL,NULL,'2025-12-11 14:15:00','2025-12-11 14:35:00','FC2005325','WA613',NULL),
(25.4,60,'Loaded','2025-12-20 04:00:00','2025-12-20 04:15:00','2025-12-20 04:30:00','2025-12-20 04:45:00','2025-12-20 05:05:00',NULL,NULL,'LL4893549','WA600',10),
(18.0,0,'Unloaded',NULL,NULL,NULL,NULL,NULL,'2025-11-22 15:15:00','2025-11-22 15:35:00','DN8994827','WA605',NULL),
(29.7,0,'Loaded','2025-11-29 07:00:00','2025-11-29 07:15:00','2025-11-29 07:30:00','2025-11-29 07:45:00','2025-11-29 08:05:00',NULL,NULL,'WO4506307','WA618',1),
(25.6,40,'Loaded','2025-12-01 08:00:00','2025-12-01 08:15:00','2025-12-01 08:30:00','2025-12-01 08:45:00','2025-12-01 09:05:00',NULL,NULL,'AZ7446193','WA604',10),
(20.1,0,'Unloaded',NULL,NULL,NULL,NULL,NULL,'2025-11-22 15:15:00','2025-11-22 15:35:00','TQ1370217','WA605',NULL),
(20.8,0,'Loaded','2025-11-29 09:00:00','2025-11-29 09:15:00','2025-11-29 09:30:00','2025-11-29 09:45:00','2025-11-29 10:05:00',NULL,NULL,'VP9407213','WA606',5),
(27.8,60,'Loaded','2025-12-03 07:00:00','2025-12-03 07:15:00','2025-12-03 07:30:00','2025-12-03 07:45:00','2025-12-03 08:05:00',NULL,NULL,'SM1917146','WA614',10),
(19.9,0,'Unloaded',NULL,NULL,NULL,NULL,NULL,'2025-12-23 14:15:00','2025-12-23 14:35:00','ZZ9933220','WA609',NULL),
(16.3,60,'Loaded','2025-12-01 08:00:00','2025-12-01 08:15:00','2025-12-01 08:30:00','2025-12-01 08:45:00','2025-12-01 09:05:00',NULL,NULL,'RH3433911','WA604',6),
(28.3,0,'Loaded','2025-11-29 09:00:00','2025-11-29 09:15:00','2025-11-29 09:30:00','2025-11-29 09:45:00','2025-11-29 10:05:00',NULL,NULL,'BC9699839','WA606',3),
(23.3,0,'Unloaded',NULL,NULL,NULL,NULL,NULL,'2025-12-09 16:15:00','2025-12-09 16:35:00','AI5016807','WA611',NULL),
(17.8,40,'Loaded','2025-12-01 08:00:00','2025-12-01 08:15:00','2025-12-01 08:30:00','2025-12-01 08:45:00','2025-12-01 09:05:00',NULL,NULL,'AM3542275','WA604',6),
(28.5,0,'Unloaded',NULL,NULL,NULL,NULL,NULL,'2025-11-22 15:15:00','2025-11-22 15:35:00','DR7594326','WA605',NULL),
(21.2,0,'Loaded','2025-12-23 13:00:00','2025-12-23 13:15:00','2025-12-23 13:30:00','2025-12-23 13:45:00','2025-12-23 14:05:00',NULL,NULL,'YX1788709','WA608',6),
(28.9,0,'Loaded','2025-12-03 07:00:00','2025-12-03 07:15:00','2025-12-03 07:30:00','2025-12-03 07:45:00','2025-12-03 08:05:00',NULL,NULL,'ID5083250','WA614',5),
(21.5,0,'Unloaded',NULL,NULL,NULL,NULL,NULL,'2025-12-23 14:15:00','2025-12-23 14:35:00','EK6794975','WA609',NULL),
(26.9,40,'Loaded','2025-11-29 09:00:00','2025-11-29 09:15:00','2025-11-29 09:30:00','2025-11-29 09:45:00','2025-11-29 10:05:00',NULL,NULL,'BU6297848','WA606',6),
(18.8,0,'Unloaded',NULL,NULL,NULL,NULL,NULL,'2025-12-06 10:15:00','2025-12-06 10:35:00','NZ7724403','WA615',NULL),
(24.0,40,'Loaded','2025-12-20 04:00:00','2025-12-20 04:15:00','2025-12-20 04:30:00','2025-12-20 04:45:00','2025-12-20 05:05:00',NULL,NULL,'PX1023852','WA600',2),
(22.0,40,'Loaded','2025-11-21 05:00:00','2025-11-21 05:15:00','2025-11-21 05:30:00','2025-11-21 05:45:00','2025-11-21 06:05:00',NULL,NULL,'AF3598546','WA610',4),
(20.2,0,'Loaded','2025-11-29 07:00:00','2025-11-29 07:15:00','2025-11-29 07:30:00','2025-11-29 07:45:00','2025-11-29 08:05:00',NULL,NULL,'LZ2935426','WA618',3),
(15.5,0,'Unloaded',NULL,NULL,NULL,NULL,NULL,'2025-12-06 10:15:00','2025-12-06 10:35:00','SQ1269781','WA615',NULL),
(16.4,0,'Loaded','2025-12-03 07:00:00','2025-12-03 07:15:00','2025-12-03 07:30:00','2025-12-03 07:45:00','2025-12-03 08:05:00',NULL,NULL,'KH6198762','WA614',7),
(20.2,40,'Loaded','2025-12-20 04:00:00','2025-12-20 04:15:00','2025-12-20 04:30:00','2025-12-20 04:45:00','2025-12-20 05:05:00',NULL,NULL,'ND1588583','WA600',6),
(26.8,0,'Unloaded',NULL,NULL,NULL,NULL,NULL,'2025-12-11 14:15:00','2025-12-11 14:35:00','GV6031357','WA613',NULL),
(28.8,0,'Unloaded',NULL,NULL,NULL,NULL,NULL,'2025-11-16 10:15:00','2025-11-16 10:35:00','RC6862496','WA601',NULL),
(27.1,0,'Unloaded',NULL,NULL,NULL,NULL,NULL,'2025-12-11 14:15:00','2025-12-11 14:35:00','CF9673832','WA613',NULL),
(25.4,60,'Loaded','2025-11-21 05:00:00','2025-11-21 05:15:00','2025-11-21 05:30:00','2025-11-21 05:45:00','2025-11-21 06:05:00',NULL,NULL,'YY8016249','WA610',3),
(20.2,0,'Loaded','2025-11-29 09:00:00','2025-11-29 09:15:00','2025-11-29 09:30:00','2025-11-29 09:45:00','2025-11-29 10:05:00',NULL,NULL,'JG5672687','WA606',2),
(21.1,60,'Loaded','2025-12-03 07:00:00','2025-12-03 07:15:00','2025-12-03 07:30:00','2025-12-03 07:45:00','2025-12-03 08:05:00',NULL,NULL,'SJ1553975','WA614',10),
(20.4,60,'Loaded','2025-12-23 13:00:00','2025-12-23 13:15:00','2025-12-23 13:30:00','2025-12-23 13:45:00','2025-12-23 14:05:00',NULL,NULL,'KP8247072','WA608',3),
(29.0,60,'Loaded','2025-11-16 15:00:00','2025-11-16 15:15:00','2025-11-16 15:30:00','2025-11-16 15:45:00','2025-11-16 16:05:00',NULL,NULL,'TE5682283','WA602',10),
(28.8,0,'Unloaded',NULL,NULL,NULL,NULL,NULL,'2025-11-15 11:15:00','2025-11-15 11:35:00','CM1840310','WA617',NULL),
(28.2,60,'Loaded','2025-12-03 07:00:00','2025-12-03 07:15:00','2025-12-03 07:30:00','2025-12-03 07:45:00','2025-12-03 08:05:00',NULL,NULL,'EH5135785','WA614',9),
(28.4,0,'Unloaded',NULL,NULL,NULL,NULL,NULL,'2025-12-20 15:15:00','2025-12-20 15:35:00','CV2009496','WA603',NULL),
(22.0,40,'Loaded','2025-11-21 05:00:00','2025-11-21 05:15:00','2025-11-21 05:30:00','2025-11-21 05:45:00','2025-11-21 06:05:00',NULL,NULL,'NO8698021','WA610',10),
(23.0,0,'In Security','2025-12-25 16:00:00','2025-12-25 16:15:00','2025-12-25 16:30:00',NULL,NULL,NULL,NULL,'OR5622083','WA619',NULL),
(15.6,0,'Unloaded',NULL,NULL,NULL,NULL,NULL,'2025-12-09 16:15:00','2025-12-09 16:35:00','LW1803713','WA611',NULL),
(28.0,40,'Loaded','2025-11-21 05:00:00','2025-11-21 05:15:00','2025-11-21 05:30:00','2025-11-21 05:45:00','2025-11-21 06:05:00',NULL,NULL,'PS4283327','WA610',2),
(16.3,0,'Unloaded',NULL,NULL,NULL,NULL,NULL,'2025-12-11 14:15:00','2025-12-11 14:35:00','KC7707100','WA613',NULL),
(16.7,60,'Loaded','2025-12-20 04:00:00','2025-12-20 04:15:00','2025-12-20 04:30:00','2025-12-20 04:45:00','2025-12-20 05:05:00',NULL,NULL,'LT3584333','WA600',3),
(15.8,0,'Loaded','2025-12-03 07:00:00','2025-12-03 07:15:00','2025-12-03 07:30:00','2025-12-03 07:45:00','2025-12-03 08:05:00',NULL,NULL,'EY5589310','WA614',9),
(28.1,0,'Unloaded',NULL,NULL,NULL,NULL,NULL,'2025-12-23 14:15:00','2025-12-23 14:35:00','KH8557289','WA609',NULL),
(25.3,0,'In Security','2025-12-25 16:00:00','2025-12-25 16:15:00','2025-12-25 16:30:00',NULL,NULL,NULL,NULL,'UH5801346','WA619',NULL),
(27.6,0,'Unloaded',NULL,NULL,NULL,NULL,NULL,'2025-12-09 16:15:00','2025-12-09 16:35:00','MI7943602','WA611',NULL),
(28.6,0,'Unloaded',NULL,NULL,NULL,NULL,NULL,'2025-11-15 11:15:00','2025-11-15 11:35:00','NU1700515','WA617',NULL),
(19.4,0,'Unloaded',NULL,NULL,NULL,NULL,NULL,'2025-12-06 10:15:00','2025-12-06 10:35:00','WS4213098','WA615',NULL),
(16.1,0,'Unloaded',NULL,NULL,NULL,NULL,NULL,'2025-12-23 14:15:00','2025-12-23 14:35:00','GV3341496','WA609',NULL),
(21.4,0,'Unloaded',NULL,NULL,NULL,NULL,NULL,'2025-11-15 11:15:00','2025-11-15 11:35:00','VQ8053662','WA617',NULL),
(27.8,40,'Loaded','2025-11-21 05:00:00','2025-11-21 05:15:00','2025-11-21 05:30:00','2025-11-21 05:45:00','2025-11-21 06:05:00',NULL,NULL,'LR3213815','WA610',2),
(25.7,60,'Loaded','2025-12-10 08:00:00','2025-12-10 08:15:00','2025-12-10 08:30:00','2025-12-10 08:45:00','2025-12-10 09:05:00',NULL,NULL,'EW8705941','WA612',7),
(27.9,60,'Loaded','2025-12-23 13:00:00','2025-12-23 13:15:00','2025-12-23 13:30:00','2025-12-23 13:45:00','2025-12-23 14:05:00',NULL,NULL,'TB7080286','WA608',4),
(25.9,40,'Loaded','2025-11-16 15:00:00','2025-11-16 15:15:00','2025-11-16 15:30:00','2025-11-16 15:45:00','2025-11-16 16:05:00',NULL,NULL,'CU3561276','WA602',3),
(20.0,0,'Unloaded',NULL,NULL,NULL,NULL,NULL,'2025-11-15 11:15:00','2025-11-15 11:35:00','BL4269811','WA617',NULL),
(17.1,0,'Unloaded',NULL,NULL,NULL,NULL,NULL,'2025-12-06 10:15:00','2025-12-06 10:35:00','BQ7410488','WA615',NULL),
(15.1,0,'Unloaded',NULL,NULL,NULL,NULL,NULL,'2025-11-22 15:15:00','2025-11-22 15:35:00','ZS2916236','WA605',NULL),
(29.0,0,'Loaded','2025-12-03 07:00:00','2025-12-03 07:15:00','2025-12-03 07:30:00','2025-12-03 07:45:00','2025-12-03 08:05:00',NULL,NULL,'QX8418254','WA614',4),
(23.1,0,'Unloaded',NULL,NULL,NULL,NULL,NULL,'2025-12-20 15:15:00','2025-12-20 15:35:00','CK1316988','WA603',NULL),
(23.8,0,'Unloaded',NULL,NULL,NULL,NULL,NULL,'2025-12-23 14:15:00','2025-12-23 14:35:00','FD9038744','WA609',NULL),
(18.9,0,'Unloaded',NULL,NULL,NULL,NULL,NULL,'2025-11-26 08:15:00','2025-11-26 08:35:00','LJ4532815','WA607',NULL),
(19.3,0,'Unloaded',NULL,NULL,NULL,NULL,NULL,'2025-11-15 11:15:00','2025-11-15 11:35:00','TY7013595','WA617',NULL),
(20.3,0,'Unloaded',NULL,NULL,NULL,NULL,NULL,'2025-12-09 16:15:00','2025-12-09 16:35:00','SQ4946431','WA611',NULL),
(23.4,0,'Unloaded',NULL,NULL,NULL,NULL,NULL,'2025-12-23 14:15:00','2025-12-23 14:35:00','AY9594964','WA609',NULL),
(26.8,60,'Loaded','2025-12-03 07:00:00','2025-12-03 07:15:00','2025-12-03 07:30:00','2025-12-03 07:45:00','2025-12-03 08:05:00',NULL,NULL,'PV5124586','WA614',3),
(19.5,0,'In Security','2025-12-25 16:00:00','2025-12-25 16:15:00','2025-12-25 16:30:00',NULL,NULL,NULL,NULL,'AU6251319','WA619',NULL),
(21.3,0,'Unloaded',NULL,NULL,NULL,NULL,NULL,'2025-11-15 11:15:00','2025-11-15 11:35:00','CN9363807','WA617',NULL),
(24.4,0,'Unloaded',NULL,NULL,NULL,NULL,NULL,'2025-12-11 14:15:00','2025-12-11 14:35:00','EQ5632020','WA613',NULL),
(23.2,0,'Loaded','2025-11-29 07:00:00','2025-11-29 07:15:00','2025-11-29 07:30:00','2025-11-29 07:45:00','2025-11-29 08:05:00',NULL,NULL,'UC7362996','WA618',6);
